class,count
اب,1142
اثنان,18
اخ,11
اربعه,19
اسف,201
الاثنين,17
الاحد,37
الاربعاء,12
الامارات العربيه المتحده,11
البحرين,11
الثلاثاء,20
الجمعة,11
الخميس,17
السبت,23
السعودية,11
السلام عليكم,15
الكويت,13
اليوم,12
ام,1025
انا,1142
انتهى,1138
اين,27
بنكرياس,48
بيت,105
تسعه,14
تفكير,1063
توقف,765
ثلاثه,17
ثمانية,42
جامعة,23
جد,14
جرح,54
جهاز عصبي,40
جيد,984
حب,1066
حزين,1122
حفله,7
خائف,27
خال,15
خمسه,18
دبي,8
رئتان,49
زوج,4
سبعه,16
سته,19
سعيد,206
سيء,11
شاش,40
شركة,34
شهر,20
صديق,15
صفر,15
صيدلية,49
طفل,1258
عائله,18
عم,11
عمان,10
غاضب,202
قصبة هوائية,56
قلب,37
قلق,1138
قوه,38
كيف,6
لا يوجد,6
لماذا,28
لو سمحت,12
ماذا,27
مبارك,12
متكبر,10
متواضع,10
مدرسه,15
مرآه,13
مرحبا,15
مركز تجاري,65
مريض,22
مساعده,12
مسجد,122
مصور,30
معلم,12
ملعب,25
من,28
مهم,1036
نسيج,22
نوم,48
هيكل عظمي,27
واحد,36
ياكل,1036
يسمع,1025
يشرب,26
