class,corrupted
اب,0
سعيد,0
لو سمحت,0
لماذا,0
لا يوجد,0
كيف,0
قوه,0
قلق,0
قلب,0
قصبة هوائية,0
غاضب,0
عمان,0
عم,0
عائله,0
طفل,0
صيدلية,0
صفر,0
صديق,0
شهر,0
شركة,0
شاش,0
ماذا,0
مبارك,0
متكبر,0
ملعب,0
يسمع,0
ياكل,0
واحد,0
هيكل عظمي,0
نوم,0
نسيج,0
مهم,0
من,0
معلم,0
متواضع,0
مصور,0
مسجد,0
مساعده,0
مريض,0
مركز تجاري,0
مرحبا,0
مرآه,0
مدرسه,0
سيء,0
سته,0
اثنان,0
سبعه,0
انتهى,0
انا,0
ام,0
اليوم,0
الكويت,0
السلام عليكم,0
السعودية,0
السبت,0
الخميس,0
الجمعة,0
الثلاثاء,0
البحرين,0
الامارات العربيه المتحده,0
الاربعاء,0
الاحد,0
الاثنين,0
اسف,0
اربعه,0
اخ,0
اين,0
بنكرياس,0
بيت,0
حب,0
زوج,0
رئتان,0
دبي,0
خمسه,0
خال,0
خائف,0
حفله,0
حزين,0
جيد,0
تسعه,0
جهاز عصبي,0
جرح,0
جد,0
جامعة,0
ثمانية,0
ثلاثه,0
توقف,0
تفكير,0
يشرب,0
